{"cameraMode":{"drawMode":0,"name":"Shaded","section":"Shading Mode"},"sceneLighting":false,"audioPlay":false,"sceneViewState":{"m_AlwaysRefresh":false,"showFog":true,"showSkybox":false,"showFlares":true,"showImageEffects":true,"showParticleSystems":true,"showVisualEffectGraphs":true,"m_FxEnabled":true},"in2DMode":false,"pivot":{"x":-212.6199951171875,"y":-177.6649932861328,"z":-0.0006465762853622437},"rotation":{"x":-0.039827145636081699,"y":-0.04629720374941826,"z":0.0018670803401619197,"w":-0.9982232451438904},"size":0.3718007802963257,"orthographic":false}